{
  "params": {
    "tsp": "att48",
    "pop_size": 300,
    "generations": 300,
    "p_crossover": 0.9,
    "p_mutation": 0.1,
    "hof_size": 1,
    "seed": 42
  },
  "result": {
    "best_distance": 36910.703125,
    "time_sec": 2.9094507694244385,
    "min_curve_len": 301,
    "avg_curve_len": 301,
    "hof_size": 1,
    "best_individual": [
      26,
      27,
      6,
      17,
      43,
      30,
      45,
      37,
      8,
      7,
      0,
      39,
      10,
      22,
      2,
      21,
      15,
      40,
      33,
      4,
      47,
      38,
      31,
      23,
      9,
      25,
      3,
      34,
      44,
      41,
      1,
      28,
      13,
      24,
      12,
      20,
      46,
      19,
      11,
      14,
      32,
      35,
      29,
      5,
      36,
      18,
      42,
      16
    ]
  }
}