{
  "params": {
    "tsp": "att48",
    "pop_size": 300,
    "generations": 600,
    "p_crossover": 0.6,
    "p_mutation": 0.1,
    "hof_size": 1,
    "seed": 42
  },
  "result": {
    "best_distance": 35994.91015625,
    "time_sec": 3.609968662261963,
    "min_curve_len": 601,
    "avg_curve_len": 601,
    "hof_size": 1,
    "best_individual": [
      14,
      39,
      21,
      0,
      7,
      8,
      37,
      30,
      43,
      17,
      6,
      35,
      27,
      5,
      29,
      42,
      16,
      26,
      18,
      36,
      45,
      32,
      19,
      46,
      20,
      31,
      38,
      47,
      4,
      28,
      41,
      23,
      9,
      44,
      34,
      3,
      25,
      1,
      40,
      15,
      2,
      33,
      13,
      24,
      12,
      22,
      10,
      11
    ]
  }
}