{
  "params": {
    "tsp": "att48",
    "pop_size": 800,
    "generations": 600,
    "p_crossover": 0.9,
    "p_mutation": 0.1,
    "hof_size": 1,
    "seed": 42
  },
  "result": {
    "best_distance": 34716.4296875,
    "time_sec": 17.314746141433716,
    "min_curve_len": 601,
    "avg_curve_len": 601,
    "hof_size": 1,
    "best_individual": [
      5,
      35,
      17,
      45,
      14,
      32,
      19,
      11,
      10,
      46,
      20,
      12,
      22,
      13,
      24,
      38,
      31,
      23,
      9,
      44,
      34,
      3,
      25,
      41,
      1,
      28,
      4,
      47,
      33,
      40,
      15,
      21,
      2,
      39,
      8,
      0,
      7,
      37,
      30,
      43,
      6,
      27,
      29,
      42,
      16,
      26,
      18,
      36
    ]
  }
}