{
  "params": {
    "tsp": "att48",
    "pop_size": 800,
    "generations": 600,
    "p_crossover": 0.6,
    "p_mutation": 0.1,
    "hof_size": 1,
    "seed": 42
  },
  "result": {
    "best_distance": 34796.72265625,
    "time_sec": 9.851151943206787,
    "min_curve_len": 601,
    "avg_curve_len": 601,
    "hof_size": 1,
    "best_individual": [
      2,
      21,
      15,
      40,
      33,
      13,
      24,
      38,
      31,
      23,
      9,
      44,
      34,
      3,
      25,
      41,
      1,
      28,
      4,
      47,
      12,
      20,
      46,
      19,
      14,
      39,
      8,
      0,
      7,
      37,
      30,
      43,
      35,
      5,
      36,
      18,
      26,
      16,
      42,
      29,
      27,
      6,
      17,
      45,
      32,
      11,
      10,
      22
    ]
  }
}