{
  "params": {
    "tsp": "att48",
    "pop_size": 300,
    "generations": 600,
    "p_crossover": 0.6,
    "p_mutation": 0.25,
    "hof_size": 1,
    "seed": 42
  },
  "result": {
    "best_distance": 37144.23828125,
    "time_sec": 3.8237016201019287,
    "min_curve_len": 601,
    "avg_curve_len": 601,
    "hof_size": 1,
    "best_individual": [
      11,
      10,
      22,
      12,
      13,
      24,
      38,
      47,
      4,
      33,
      40,
      15,
      21,
      0,
      7,
      37,
      8,
      39,
      2,
      28,
      1,
      41,
      25,
      3,
      34,
      44,
      9,
      23,
      31,
      20,
      46,
      19,
      35,
      29,
      42,
      16,
      26,
      18,
      36,
      5,
      27,
      6,
      17,
      43,
      30,
      45,
      32,
      14
    ]
  }
}