{
  "params": {
    "tsp": "att48",
    "pop_size": 800,
    "generations": 600,
    "p_crossover": 0.9,
    "p_mutation": 0.25,
    "hof_size": 1,
    "seed": 42
  },
  "result": {
    "best_distance": 34376.28515625,
    "time_sec": 13.758652210235596,
    "min_curve_len": 601,
    "avg_curve_len": 601,
    "hof_size": 1,
    "best_individual": [
      5,
      36,
      18,
      26,
      16,
      42,
      29,
      35,
      45,
      14,
      32,
      19,
      11,
      10,
      46,
      20,
      12,
      22,
      13,
      24,
      38,
      31,
      23,
      9,
      44,
      34,
      3,
      25,
      41,
      1,
      28,
      4,
      47,
      33,
      40,
      15,
      21,
      2,
      39,
      8,
      0,
      7,
      37,
      30,
      43,
      17,
      6,
      27
    ]
  }
}