{
  "params": {
    "tsp": "att48",
    "pop_size": 800,
    "generations": 300,
    "p_crossover": 0.6,
    "p_mutation": 0.25,
    "hof_size": 1,
    "seed": 42
  },
  "result": {
    "best_distance": 35729.140625,
    "time_sec": 7.856559753417969,
    "min_curve_len": 301,
    "avg_curve_len": 301,
    "hof_size": 1,
    "best_individual": [
      4,
      28,
      1,
      40,
      33,
      13,
      12,
      20,
      46,
      10,
      11,
      19,
      32,
      35,
      29,
      42,
      16,
      26,
      18,
      36,
      5,
      27,
      6,
      17,
      43,
      30,
      37,
      45,
      14,
      39,
      8,
      7,
      0,
      15,
      21,
      2,
      22,
      24,
      38,
      31,
      23,
      44,
      34,
      3,
      25,
      9,
      41,
      47
    ]
  }
}