{
  "params": {
    "tsp": "att48",
    "pop_size": 800,
    "generations": 300,
    "p_crossover": 0.9,
    "p_mutation": 0.25,
    "hof_size": 1,
    "seed": 42
  },
  "result": {
    "best_distance": 41611.65234375,
    "time_sec": 8.049057245254517,
    "min_curve_len": 301,
    "avg_curve_len": 301,
    "hof_size": 1,
    "best_individual": [
      14,
      32,
      11,
      19,
      39,
      22,
      0,
      7,
      37,
      30,
      43,
      17,
      27,
      6,
      29,
      36,
      18,
      42,
      16,
      26,
      5,
      35,
      45,
      10,
      46,
      20,
      12,
      13,
      24,
      38,
      31,
      23,
      34,
      44,
      9,
      25,
      3,
      1,
      41,
      28,
      4,
      47,
      33,
      40,
      21,
      2,
      15,
      8
    ]
  }
}