{
  "params": {
    "tsp": "att48",
    "pop_size": 300,
    "generations": 600,
    "p_crossover": 0.9,
    "p_mutation": 0.25,
    "hof_size": 1,
    "seed": 42
  },
  "result": {
    "best_distance": 38848.3828125,
    "time_sec": 6.4005513191223145,
    "min_curve_len": 601,
    "avg_curve_len": 601,
    "hof_size": 1,
    "best_individual": [
      39,
      8,
      7,
      0,
      15,
      21,
      2,
      22,
      10,
      46,
      20,
      12,
      24,
      13,
      33,
      40,
      1,
      28,
      4,
      47,
      38,
      31,
      23,
      9,
      44,
      34,
      3,
      25,
      41,
      11,
      32,
      45,
      37,
      30,
      43,
      17,
      6,
      35,
      27,
      5,
      26,
      42,
      16,
      18,
      36,
      29,
      19,
      14
    ]
  }
}