{
  "params": {
    "tsp": "att48",
    "pop_size": 300,
    "generations": 300,
    "p_crossover": 0.9,
    "p_mutation": 0.25,
    "hof_size": 1,
    "seed": 42
  },
  "result": {
    "best_distance": 44789.48046875,
    "time_sec": 2.971473455429077,
    "min_curve_len": 301,
    "avg_curve_len": 301,
    "hof_size": 1,
    "best_individual": [
      12,
      20,
      24,
      13,
      33,
      22,
      15,
      40,
      28,
      1,
      4,
      47,
      38,
      31,
      9,
      44,
      34,
      25,
      3,
      41,
      23,
      19,
      11,
      32,
      45,
      35,
      17,
      27,
      6,
      29,
      16,
      42,
      36,
      18,
      26,
      5,
      43,
      30,
      37,
      7,
      8,
      0,
      21,
      39,
      14,
      2,
      10,
      46
    ]
  }
}